                  epoch,         train/box_loss,         train/cls_loss,         train/dfl_loss,   metrics/precision(B),      metrics/recall(B),       metrics/mAP50(B),    metrics/mAP50-95(B),           val/box_loss,           val/cls_loss,           val/dfl_loss,                 lr/pg0,                 lr/pg1,                 lr/pg2
                      1,                0.11827,                0.63541,                0.95912,                0.86478,                0.85442,                0.87692,                0.87692,                0.17453,                0.48163,                0.25626,              0.0033331,              0.0033331,              0.0033331
                      2,                0.05382,                0.43966,                 0.9077,                0.85386,                0.85164,                0.87289,                0.87289,                 0.1951,                0.52603,                0.28511,              0.0060064,              0.0060064,              0.0060064
                      3,                0.04533,                0.43297,                0.90539,                0.72696,                0.83778,                 0.8592,                0.85613,                 0.2131,                0.80684,                0.30528,              0.0080198,              0.0080198,              0.0080198
                      4,                0.03584,                0.42216,                0.90229,                0.48483,                0.61017,                0.47432,                0.37853,                  1.182,                 3.8319,                0.92503,                0.00703,                0.00703,                0.00703
                      5,                0.02989,                0.41061,                0.90113,                0.48483,                0.61017,                0.47432,                0.37853,                 2.0109,                 6.2489,                 1.4272,                0.00703,                0.00703,                0.00703
